site_id,url,names,office_tier,state,verdict,evidence,decided,reason
brandenburgforgovernor.com__0f97a7,https://brandenburgforgovernor.com/,Donna Brandenburg,Governor,Michigan,wrong_entity,"The final URL resolved to ustpm.org/candidates?id=74, a US Taxpayers Party of Michigan directory/aggregator page, not Donna Brandenburg's own campaign site at brandenburgforgovernor.com.",2026-10-05,"party directory page, not the candidate's site"
captainkin2026.com__3fcc1f,https://captainkin2026.com,Joaquin Cruz,State House,Guam,wrong_entity,"Site is titled ""CAPTAIN KIN FOR SENATOR,"" paid for by the Committee to Elect Captain Kin, running for the 39th Guam Legislature — a different person/name than candidate Joaquin Cruz.",2026-10-05,site of a different candidate (Captain Kin)
marieforsenate.com__988bde,https://marieforsenate.com/,Marie Pinkney,State Senate,Delaware,wrong_entity,"The domain resolves to an Indonesian gambling/slot demo site (""Demo Slot PG Soft... Gacor X1000"") with no mention of Marie Pinkney or Delaware politics.",2026-10-05,domain now a gambling site
moniqueforny.com__b7bd15,https://moniqueforny.com/,Monique Chandler-Waterman,State House,New York,wrong_entity,"description: ""Monique Forney is a progressive candidate for New York City Council District 9... lifelong Harlem resident"" — different first name (Forney vs Chandler-Waterman) and different office/district (NYC Council District 9 vs State House district 58)",2026-10-05,site of a different person (Monique Forney)
algentryforkentucky.com__2e7894,https://www.algentryforkentucky.com,Alan Gentry,State House,Kentucky,wrong_entity,"The domain now resolves to an Indonesian online slot gambling site ('AKUNJP: Situs Estengroup Slot Online Gacor...'), unrelated to the candidate.",2026-10-05,domain now a gambling site
bongoforcongress.com__b2cf2e,https://www.bongoforcongress.com/,John Salvesen,US House,Georgia,wrong_entity,"The site content is entirely about 'Live Draw Macau' gambling/lottery results, unrelated to the candidate or any campaign.",2026-10-05,domain now a gambling site
davis4schouse.com__7e9da0,https://www.davis4schouse.com/,Sylleste Davis,State House,South Carolina,wrong_entity,"The domain now resolves to an unrelated gambling site (""AKUNBOS | Best Team Kolaborasi Server Slot88 Gaming Terbaik Hari Ini Paling Jos"") with no mention of Sylleste Davis or the campaign.",2026-10-05,domain now a gambling site
electepley.com__52fa5a,https://www.electepley.com,Peter Abele,State Appellate Court,Ohio,wrong_entity,"The site is for ""Judge Chris Epley"" of the ""Ohio Second District Court of Appeals,"" not candidate Peter Abele of the Fourth District Court of Appeals.",2026-10-05,site of a different judge (Chris Epley)
electjimbaird.com__5073f6,https://www.electjimbaird.com,Jim Baird,US House,Indiana,wrong_entity,The domain electjimbaird.com now resolves to an Indonesian online gambling/lottery site (OLXTOTO) with no connection to the candidate.,2026-10-05,domain now a gambling site
electmelaniemorgan.org__0e1ca0,https://www.electmelaniemorgan.org/,Melanie Morgan,State House,Washington,wrong_entity,The site resolves to an unrelated gambling/slot site ('OLYMPUS88: Situs Jackpot Hari Ini Link Slot88 Resmi') with no mention of the candidate.,2026-10-05,domain now a gambling site
joshforct.com__d31c5a,https://www.joshforct.com/,Joshua Elliott,State House,Connecticut,wrong_entity,"disclaimer: Paid for by Build The Future PAC — the site is a PAC's district-finder tool, not Joshua Elliott's own campaign site.",2026-10-05,a PAC's district-finder tool
linforthewin.com__b7d4c0,https://www.linforthewin.com,Teresa Lin,State House,Georgia,wrong_entity,"Site is for 'Sara Fuchs for Georgia State House District 49', with disclaimer 'Paid for by Sara Fuchs for Georgia', not Teresa Lin.",2026-10-05,site of a different candidate (Sara Fuchs)
therealmccoyforpa.com__06f93d,https://www.therealmccoyforpa.com,Todd Crawley,State House,Pennsylvania,wrong_entity,"Site is ""Landing Page for Caleb McCoy, Candidate to serve the 79th district,"" not Todd Crawley for district 193.",2026-10-05,site of a different candidate (Caleb McCoy)
votesayf.com__741ed9,https://www.votesayf.com,Norman Ramsay,State House,New York,wrong_entity,"The site resolves to russellnomermusic.com, a music catalog/songwriter site for Russell Nomer, unrelated to candidate Norman Ramsay's State House race.",2026-10-05,unrelated music site
