site_id,flag,evidence,decided
imtiazforflorida.com__a20366,parked_or_empty,"Homepage extract shows title ""imtiaz-campaign-website"" but no body text, description, disclaimer, or years mentioned — all key content fields are blank or missing.",2026-10-05
kermitforillinois.com__53aea3,parked_or_empty,"The site extract shows no title, description, disclaimer, years, or body text — the homepage contains no owner content.",2026-10-05
peterforsenate.com__573326,unclear,"Site extract is minimal (""Subscribe for more information"") with no dates, office, district, or 'Paid for by' disclaimer to establish whether this is Peter Antinozzi's 2026 campaign or a different candidate/cycle.",2026-10-05
repedorcutt.com__a35d50,earlier_cycle,"""Copyright 2012"" disclaimer and body text referencing ""since 2013"" and news items from 2018 with no mention of 2026 race""",2026-10-05
terryburkedotson.com__e17940,earlier_cycle,"""Terry Burke Dotson running for State Representative FILED ON: 6/2/2022"" with content referencing a 2022 House bill and no mention of 2026",2026-10-05
veronica4il.com__cacfa4,parked_or_empty,"The site extract shows no body text, no disclaimer, no description, and no years mentioned—consistent with a parked or blank page with no owner content.",2026-10-05
aaronforny23.com__a3275c,unclear,"The site extract contains no body text, title, description, disclaimer, or dates — the homepage is either blank, unloaded, or the extraction failed, making ownership and election cycle indeterminate.",2026-10-05
adam4iowa.com__31d6d0,parked_or_empty,"Site extract shows no title, description, disclaimer, years, or body text — indicating a blank or default page with no owner content.",2026-10-05
aliciaformaine.com__33e8b1,unclear,"The extract is too thin to confirm ownership: domain name matches the candidate name, and the title/description align with her office and district, but there is no 'Paid for by' disclaimer, no body text, and no dates to establish whether the site is active for 2026 or a prior cycle.",2026-10-05
amyforiowa42.com__cfc179,parked_or_empty,"The site extract shows no title, description, disclaimer, years mentioned, or body text — indicating a blank or parked page with no owner content.",2026-10-05
andreastewartcousins.com__4b9b7d,parked_or_empty,"The site extract shows no title, description, disclaimer, years, or body text — indicating a blank or parked page with no owner content.",2026-10-05
andrewsforarkansas.com__c6eeae,earlier_cycle,"""Re-Elect Andrews to HD 98 November 5th, 2024"" shows the site is focused on the 2024 election, not 2026.",2026-10-05
anissa4congress.com__057b1e,unclear,"The extract has no body text, disclaimer, or years mentioned—title is just 'Home' with no content to confirm ownership or race details.",2026-10-05
anitafornh.com__77215d,parked_or_empty,"The site extract shows no title, description, disclaimer, years, or body text — indicating a blank or parked page with no owner content.",2026-10-05
art4tn.com__e6ac38,unclear,"""Due to frustration with the local and state Democratic parties, I am currently not campaigning for office."" gives no clear office/date details to confirm current 2026 campaign status beyond the statement itself.",2026-10-05
ashley.vote__38714e,parked_or_empty,"The site extract shows no title, description, disclaimer, years, or body text content — indicating a blank, parked, or non-functional page with no owner content.",2026-10-05
ashleyforohio.com__ea93a1,unclear,"The site extract contains no body text, title, description, disclaimer, or dates, making it impossible to determine ownership or current election cycle.",2026-10-05
audreyforvermont.com__175d12,parked_or_empty,"The site extract shows no title, description, disclaimer, years, or body text — the homepage is blank or not loaded, indicating a parked or default page.",2026-10-05
baumformontana.com__d49874,earlier_cycle,"""thanks to your continued support, sent me to Helena again in 2024"" with disclaimer copyright 2022 and no mention of a 2026 race",2026-10-05
bergquistforkansas.com__d8c058,earlier_cycle,"Body text shows posts dated September 2022 and January 2018 referencing past terms, with no mention of the 2026 race, while the disclaimer confirms it is Emil Bergquist's own campaign site for District 91.",2026-10-05
billfincherforcherokee.com__b551bf,earlier_cycle,"description: Republican for State House, Special Election December 9, 2025",2026-10-05
billyraywilson.com__824db7,earlier_cycle,"title calls him ""Former Candidate for US Congress"" and body says ""Former Candidate for United States Senate""; site is his own but shows no 2026 US House race content",2026-10-05
cardensummers.com__cc69d6,earlier_cycle,"""Get Involved Vote May 24th, 2022"" with no mention of 2026 race, references to Biden/Abrams-era 2022 priorities",2026-10-05
carl.vote__cc2542,parked_or_empty,"The site extract shows no title, description, disclaimer, years mentioned, or body text — indicating a blank or parked page with no owner content.",2026-10-05
cecilforcincinnati.com__abf749,parked_or_empty,"Site extract shows no title, description, disclaimer, years, or body text — the homepage is blank or parked with no owner content.",2026-10-05
charlesformn.com__9f6248,parked_or_empty,"Homepage extract shows no title, description, disclaimer, years mentioned, or body text — site appears blank or parked.",2026-10-05
chriskapenga.com__ecdf32,other_race,"own site, but for a county executive campaign",2026-10-05
cindyhydesmith.com__78b182,parked_or_empty,"The site extract shows no title, description, disclaimer, years, or body text—indicating a blank or parked page with no owner content.",2026-10-05
citizensforceceliewilliams.com__857236,earlier_cycle,"title ""Citizens For Cecelie Williams"" with copyright ""© 2024 Citizens For Cecelie Williams"" and no mention of 2026 race, only a generic signup page",2026-10-05
cottie.com__135bd7,unclear,"Site extract is blank across all fields (title, description, disclaimer, body text, years) with no content to assess ownership or election cycle.",2026-10-05
craigfornewyork.com__dae2da,parked_or_empty,"The site extract shows no title, description, disclaimer, years, or body text — indicating a blank or parked page with no owner content.",2026-10-05
ctetamiedixontatum.com__8cc80a,parked_or_empty,"The site extract shows no title, description, disclaimer, years, or body text — indicating a blank or parked page with no owner content.",2026-10-05
cyrusfororegon.com__7f5959,parked_or_empty,"The site extract shows no body text, no disclaimer, no description, and no years mentioned—indicating a blank or parked page with no owner content.",2026-10-05
dan4pa74.com__f89812,parked_or_empty,"The site extract shows no title, description, disclaimer, years mentioned, or body text—indicating a blank or parked page with no owner content.",2026-10-05
dan4tn.com__f93873,unclear,"The site extract contains no body text, title, description, disclaimer, or year mentions — the homepage is too thin to determine ownership or campaign status.",2026-10-05
darceyfororegon.com__ff99c1,unclear,"The site extract contains no body text, title, description, disclaimer, or dates — insufficient content to determine whether this is Darcey Edwards' campaign site, an earlier-cycle site, or an unrelated property.",2026-10-05
dargonforazsenate.com__1459cb,unclear,"The site contains only biographical information with years 2010 and 2017 related to personal life events, but no content clearly indicating either a 2026 campaign or an earlier election cycle, making the current election status indeterminate.",2026-10-05
dennislenz.com__44735e,unclear,"""When you vote this June, choose a State Senator..."" with disclaimer ""Paid for by Dennis Lenz for Legislature"" and ""First Elected to the Senate in 2022"" — site references a June vote with no 2026 general election context, mentioning only 2022.",2026-10-05
durnellfordistrict154.com__d98667,earlier_cycle,"""Only 27 days until the statewide Missouri primary election!!"" with references dated April/July 2024 and ""Paid for by Committee to Elect Lisa Durnell"" disclaimer, no mention of 2026 race",2026-10-05
elaine4cda.com__54f158,earlier_cycle,"""I need your support to secure the Republican nomination on May 21, 2024, and carry on the crucial work of representing District 4B"" — content is focused entirely on the 2024 primary race with no mention of 2026.",2026-10-05
electalexybarra.com__f8d67c,unclear,"The site is titled ""Alex Ybarra for State Senate"" with a matching campaign disclaimer, but the copyright and only date mentioned is 2019, which predates any 2026 campaign context and contradicts the capture date of October 5, 2026.",2026-10-05
electdannyalvarez.com__408163,unclear,"The site is titled ""Vote Danny Alvarez"" for State Representative and matches the candidate name, office, and state, but the only years mentioned in the body text are 2012–2017, with no dates or content referencing the 2026 election, and the extract cuts off mid-sentence making it impossible to assess whether 2026 content exists elsewhere on the page.",2026-10-05
electedgeorge.org__ae3ede,earlier_cycle,"Latest News items dated January 2, 2024, December 16, 2023, October 12, 2023, with no mention of the 2026 race.",2026-10-05
electjeremie.com__933e26,parked_or_empty,"The site extract shows no title, description, disclaimer, years mentioned, or body text — indicating a blank or parked page with no owner content.",2026-10-05
electjim.com__c8101c,parked_or_empty,"The site extract shows no title, description, disclaimer, years, or body text — indicating a blank or parked page with no owner content.",2026-10-05
electteresa.com__4f611f,unclear,"The site extract is empty—no title, description, disclaimer, years, or body text provided—making it impossible to determine ownership or whether the content concerns the 2026 election, an earlier cycle, or another entity.",2026-10-05
emilwaukieor.org__3c9aa5,personal_site,"the candidate's personal blog, no campaign content",2026-10-05
emilyforvermont.com__dc8de4,parked_or_empty,"The site extract shows no title, description, disclaimer, years, or body text—indicating a blank or parked page with no owner content.",2026-10-05
emilygise.com__bb5f25,earlier_cycle,"""Paid for by Emily Gise for State House 2024"" with no mention of 2026 race, indicating the site is tied to the 2024 campaign cycle.",2026-10-05
fentriceforflorida.com__4c88b0,parked_or_empty,"The site extract shows no title, description, disclaimer, years, or body text — indicating a blank or parked page with no owner content.",2026-10-05
flanneryforky.com__5aa819,earlier_cycle,"""VOTE NOVEMBER 3RD, 2020"" with no mention of the 2026 race",2026-10-05
gallivan4senate.com__b258e1,earlier_cycle,"""He was first elected to the Senate in November 2010 and overwhelmingly re-elected in 2012, 2014, 2016 and 2018"" with no mention of 2026 or current district 60, only the 59th Senate District.",2026-10-05
getmaad.org__c3b0d6,unclear,"The site extract contains no body text, years, disclaimer, or description—the homepage is effectively blank or non-indexable, making it impossible to determine whether this is the candidate's 2026 campaign site, an earlier cycle site, or a parked domain.",2026-10-05
gina4illinois.com__83ec6b,parked_or_empty,"Site extract shows no title, description, disclaimer, years, or body text—indicating a blank or parked page with no owner content.",2026-10-05
ginna4nh.com__e85d26,unclear,"The site extract contains only metadata (title, description) with no body text, years, or 'Paid for by' disclaimer to confirm ownership, dates, or whether this is a 2026 campaign site.",2026-10-05
goose4texrep.com__12b814,parked_or_empty,"Homepage extract shows no title, description, disclaimer, years, or body text—indicating a blank or parked page with no owner content.",2026-10-05
hd22info.com__4cd241,unclear,district info site discussing another candidate; ownership not established,2026-10-05
heffvt.com__e98dd8,parked_or_empty,"The site extract shows no title, description, disclaimer, years, or body text — all fields are empty, indicating a parked or blank page with no owner content.",2026-10-05
hillary4tn.com__19d1a6,parked_or_empty,"The site extract shows no body text, title, description, disclaimer, or years mentioned—indicating a blank or parked page with no owner content.",2026-10-05
hoangforhouse.com__8ce117,parked_or_empty,"Site extract shows no title, description, disclaimer, years, or body text—indicating a blank or parked page with no owner content.",2026-10-05
illapa.nyc__4b9c5c,parked_or_empty,"The homepage extract shows no title, description, disclaimer, years mentioned, or body text — indicating a blank or parked page with no owner content.",2026-10-05
improveourelections.org__170ff5,unclear,issue site with no candidate name; ownership not established,2026-10-05
independent4vt.onepage.me__386384,unclear,"The extract mentions only 2022 and historical education policy (Brigham decision 1997, Act 60, Act 68, Act 127 in 2022) with no dates or content about the 2026 election cycle or campaign activity.",2026-10-05
jabariforstatesenate.com__87ebc8,parked_or_empty,"The site extract shows no title, description, disclaimer, years mentioned, or body text — indicating a blank or parked page with no owner content.",2026-10-05
jackducharme.net__e591f1,earlier_cycle,"""Re-elect Jack Ducharme for Maine House of Representatives in November 2022!"" with no mention of 2026",2026-10-05
jackieforflorida.com__58d156,parked_or_empty,"The site extract shows no title, description, disclaimer, years, or body text — all content fields are blank, indicating a parked or empty page with no owner content.",2026-10-05
jamesspillane.org__3f5cc1,earlier_cycle,"""With your help, we had success once again in 2018, 2020 and 2022!"" with no mention of 2024 or 2026 races, indicating the site content reflects only up through the 2022 election.",2026-10-05
jaredforflorida.com__be2dcb,parked_or_empty,"The site extract shows empty fields for title, description, disclaimer, years mentioned, and body text, indicating a parked or blank page with no owner content.",2026-10-05
jason4maine.com__ef1f76,unclear,"The site extract contains only navigation elements (""Connect With Us Donate Here"") with no identifying content, campaign messaging, candidate name, office, location, or dates to establish ownership or election cycle.",2026-10-05
javensears.com__ec3004,unclear,"The disclaimer references ""Friends of John Rodgers"" while the page is titled ""Javen Sears | For Vermont State Senate,"" and the body text describes Javen Sears as the candidate, creating ambiguity about true site ownership and whether this is Sears's own campaign.",2026-10-05
jessicaformnhouse.com__d9307e,parked_or_empty,"The site extract shows no title, description, disclaimer, years mentioned, or body text—indicating a blank or parked page with no owner content.",2026-10-05
jessicaformontana.com__68ae03,parked_or_empty,"The site extract shows empty fields for title, description, disclaimer, years, and body text, indicating no owner content is present on the homepage.",2026-10-05
john4ohioag.com__db6ead,parked_or_empty,"The site extract shows no title, description, disclaimer, years, or body text — indicating a blank or parked page with no owner content.",2026-10-05
johncabello.com__dad8fc,earlier_cycle,"""State Representative John M. Cabello announces run for re-election in 2024"" with no mention of the 2026 race, and disclaimer confirms ""Paid for by Citizens for John M"" matching this candidate.",2026-10-05
joshhurlbert.com__595859,unclear,"""Copyright © 2024 Hurlbert for Missouri"" and no mention of 2026 race, office, or district details—just a generic sign-up page under the candidate's own committee name.",2026-10-05
jubileeforstatehouse.com__92d268,parked_or_empty,"Site extract shows no title, description, disclaimer, years, or body text—all fields are empty, indicating a blank or parked page with no owner content.",2026-10-05
judgehawkins.com__6e0008,earlier_cycle,"""Paid for by Kristen Hawkins for the 11th District Court Judge Campaign"" referencing her 2016 election and 2020 re-election as 11th District Court judge, with no mention of the 2026 Texas Supreme Court Place 7 race.",2026-10-05
julieforalaska.com__ef9889,unclear,"The site extract contains no body text, title, description, disclaimer, or year mentions — insufficient content to determine whether the site belongs to this candidate or what election cycle it addresses.",2026-10-05
kdforhd4.com__5a17a1,parked_or_empty,"The site extract shows no title, description, disclaimer, years, or body text — the homepage is blank with no owner content visible.",2026-10-05
kellyformississippi.com__e6aeb4,earlier_cycle,"""On Tuesday, June 2, 2015, Trent Kelly won a special election runoff to represent the First District of Mississippi in the 114th Congress,"" with no mention of the 2026 race.",2026-10-05
kim4staterep.com__1dc5dc,parked_or_empty,"Site extract shows no title, description, disclaimer, years, or body text — a blank or parked page with no owner content.",2026-10-05
kimformontana.org__dc44f3,parked_or_empty,"Site extract shows no title, description, disclaimer, years, or body text—indicating a blank or parked page with no owner content.",2026-10-05
kristinehoward.com__2cf71e,earlier_cycle,"""Sierra Club endorses Kristine in 2022 Reelection bid"" with no mention of 2026 race, present tense campaign content tied to past endorsements from 2022 and earlier.",2026-10-05
kurtzforassembly.com__0058e1,earlier_cycle,"The site references ""50th Assembly District"" (not current 41st) and says ""I was honored to earn the right to represent...in 2018"" while asking for votes ""on November 5th,"" indicating this content is from an earlier cycle, not the 2026 general election.",2026-10-05
kylemullica.com__82c990,earlier_cycle,"""I am incredibly proud and honored to have been elected with a wide margin of the vote for State Senate District 24"" with year mentioned 2023, referencing a past completed race against Courtney Potter, not the 2026 election.",2026-10-05
lauraforwv.com__29f472,parked_or_empty,"The site extract shows no title, description, disclaimer, years, or body text — indicating a blank or parked page with no owner content.",2026-10-05
libbyforpa.com__76a783,unclear,"The site extract contains no body text, title, description, disclaimer, or dates—only field labels with empty values, making it impossible to determine ownership or election cycle.",2026-10-05
livefreenh02.com__c91d7b,parked_or_empty,"The site extract shows no title, description, disclaimer, years, or body text — indicating a blank or parked page with no owner content.",2026-10-05
luciusparshall.wixsite.com__f16ab2,other_race,own site; names a different district (8) than on file (16),2026-10-05
madelynhd13.com__c02b7d,parked_or_empty,"The site extract shows no title, description, disclaimer, years mentioned, or body text — indicating a blank or parked page with no owner content.",2026-10-05
marleyforwv.my.canva.site__c78603,unclear,"The site extract contains no body text, years, disclaimer, or description—only a title ""Marley For House""—making it impossible to determine whether this is the candidate's current 2026 campaign site, an earlier cycle site, or an unrelated page.",2026-10-05
marsieforillinois.info__77ffd6,parked_or_empty,"The site extract shows no title, description, disclaimer, years, or body text—indicating a blank or parked page with no owner content.",2026-10-05
marybeth4ny.com__84683f,unclear,"The site footer states ""Copyright © 2020 Mary Beth Walsh for NY State Assembly"" but the extract was captured on October 5, 2026, and mentions an event scheduled for October 15th with no year specified.",2026-10-05
mattbrass.org__8c9606,earlier_cycle,"The body text references a June 2, 2020 announcement and August 27 Kiwanis update, with no mention of the 2026 race, indicating stale content from an earlier term.""",2026-10-05
maxforcongress.com__9775c4,unclear,"The site is titled ""Max for Congress"" with description mentioning ""Foushee NC04"" and generic ""Join Us to Save the USA"" content, with no mention of Mahesh Ganorkar or any specific candidate matching the given profile.",2026-10-05
mbrownforpa.com__274bdb,earlier_cycle,"""MARLA GALLO BROWN WINS! ... Copyright © 2022 Marla Brown for PA - All Rights Reserved.""",2026-10-05
melanie4texas.com__177027,parked_or_empty,"The site displays only ""Hostinger Horizons"" with no body text, disclaimer, or candidate content—a default hosting page indicating an unactivated or parked domain.",2026-10-05
michele4michigan.wixsite.com__edfbcf,parked_or_empty,"The homepage shows only a default Wix template with ""This website was built on Wix. Create yours today"" and boilerplate menu items (HOME, MEET MICHELE, PLATFORM, ENDORSEMENTS, GET INVOLVED) with no actual candidate content, biography, policy positions, or campaign information populated.",2026-10-05
michelleforstaterep.com__4299ba,unclear,"The site extract contains no body text, title, disclaimer, or date information to establish whether this is the candidate's current campaign site or an earlier cycle site.",2026-10-05
miguel4co.com__cea6b7,parked_or_empty,"The site extract shows no title, description, disclaimer, years mentioned, or body text — indicating a blank or parked page with no owner content.",2026-10-05
napoleonfor154.com__947127,earlier_cycle,"""Together we can take 2024 by storm"" with no mention of the 2026 race, on the candidate's own site (napoleonfor154.com).",2026-10-05
natalieforhouse.com__dad8c9,parked_or_empty,"The site extract shows no title, description, disclaimer, years, or body text—indicating a blank or parked page with no owner content.",2026-10-05
nealfornevada.com__d8150f,unclear,"The site extract contains no text content, title, description, disclaimer, dates, or body text to establish ownership or election cycle.",2026-10-05
nickforeagleriver.com__8d4e2e,parked_or_empty,"The site extract shows empty fields for title, description, disclaimer, and body text with no years mentioned, indicating a parked or blank page with no owner content.",2026-10-05
ontariotillmanhd56.com__b4ce0c,unclear,"The site contains only biographical and professional background (education, law career, coaching accomplishments from 2012–2016) with no mention of the 2026 election, campaign message, voting information, or any current election activity.",2026-10-05
paigeforpa.com__9469a6,unclear,"The site extract contains no body text, title, description, disclaimer, or dates to establish ownership or current campaign status.",2026-10-05
pateforiowa.com__df442d,earlier_cycle,"disclaimer: PAID FOR BY PATE FOR IOWA Copyright 2018 All Rights Reserved; content references 2020 election results, June 7th primary, and reelection bid endorsements with no mention of 2026",2026-10-05
patriciaforcongress.com__801958,parked_or_empty,"The homepage resolves to a suspended hosting account page with no owner content: ""This Account has been suspended. Contact your hosting provider for more information.""",2026-10-05
peeples4staterep.com__2b3631,unclear,"The site is titled ""Peeples4StateRep"" and says ""Your candidate has been part of this community for many years"" and ""they're running for this position,"" but all dates mentioned are 2024 (copyright, body text context), and the extract contains no specific mention of 2026 or confirmation this is Ray Peeples's current campaign for State House District 14.",2026-10-05
pharaforassembly.com__e19298,parked_or_empty,"The site extract shows no title, description, disclaimer, years mentioned, or body text — the homepage is blank or unloaded.",2026-10-05
phillipsforwisconsin.com__13756b,unclear,"The site is titled ""FOR 56th Assembly"" and carries a 2026-dated disclaimer, but the body text mentions only 2018 and 2020 years in professional context, with no explicit reference to the 2026 race, prior candidacy, or current campaign activity.",2026-10-05
piaforcongress.com__a13d10,parked_or_empty,"The site extract shows all metadata fields (title, description, disclaimer, years mentioned, body text) as empty, indicating a blank or parked page with no owner content.",2026-10-05
rachelroarx.com__5e6610,unclear,"""Rachel was elected State Representative for Kentucky House District 38 in November 2022"" — site describes her biography and incumbency with no mention of a 2026 race, candidacy, or upcoming election.",2026-10-05
ralphhise.com__bb392d,unclear,"Site shows ""Copyright © 2022 Ralph Hise for NC Senate"" and a countdown timer with no visible target date, captured 5 Oct 2026, giving no clear indication whether content pertains to the 2026 race or is stale 2022 content.",2026-10-05
rayforhd34.com__72581b,parked_or_empty,"The site extract shows no title, description, disclaimer, years, or body text — indicating a blank or parked page with no owner content.",2026-10-05
reelectcara.com__0dd97c,earlier_cycle,"""description: Join Cara Pavalock's election campaign for Bristol community representation. Volunteer and support the Election Day 2024 efforts!""",2026-10-05
reelectrapp.com__1d9144,earlier_cycle,"""Education Funding 2014 -2015"" and content referencing only past funding years with no mention of the 2026 race, though ""Paid for by the Rapp for Rep Committee"" confirms it's her own site.",2026-10-05
richard.vote__4873cb,parked_or_empty,"The site extract shows no title, description, disclaimer, years mentioned, or body text — indicating a blank or parked page with no owner content.",2026-10-05
rickformn.com__a33322,unclear,"Site is paid for by ""Olson Senate Committee"" and displays ""Rick Olson for State Senate"" with current platform messaging, but his biography lists ""Michigan State Representative, 2011-12"" and historical Minnesota residency ""1991-98, 2014 – now,"" creating ambiguity about whether this is the 2026 Minnesota candidate or a different person with the same name who held office in Michigan.",2026-10-05
rickholdcroft.com__8d86d3,earlier_cycle,"""FOR IMMEDIATE RELEASE: October 28, 2021 ... Republican Rick Holdcroft launched his campaign for the Nebraska Legislature today"" with no mention of the 2026 race.",2026-10-05
roryforstatesenate.com__3ed4b6,parked_or_empty,"The site extract shows no title, description, disclaimer, years, or body text — a blank page with no owner content.",2026-10-05
samakabhussein.com__9eb62a,earlier_cycle,"""Thank you voters of 65A! ... I am deeply honored to have earned your trust and support to continue representing you at the State Capitol for another term... November 2024"" — content is a thank-you for the 2024 election win, with no mention of the 2026 race.",2026-10-05
samaraheavrin.com__197bea,earlier_cycle,"""I am running for re-election in 2024 and hope I can count on your continued support!"" with no mention of the 2026 race.",2026-10-05
sarahanaforassembly.com__34330e,parked_or_empty,"Site extract shows no title, description, disclaimer, years mentioned, or body text—indicating a parked, blank, or default hosting page with no owner content.",2026-10-05
seanforiowa.com__b032e2,parked_or_empty,"The site extract shows only a title and description with no body text, disclaimer, years, or owner content—consistent with a minimal or placeholder page.",2026-10-05
senfroniathompson.com__339d86,earlier_cycle,"""© 2019, State Representative Senfronia Thompson"" with content referencing the 84th and 86th Legislative Sessions (2015/2019) and no mention of the 2026 race.",2026-10-05
sheryfornewyork.com__e0f135,unclear,"The site's homepage includes legitimate campaign content (""I'm running to build safer streets, stronger schools"" for District 86) but contains a jarring off-topic section about UK gambling sites (GamStop, offshore casinos, deposit limits) that appears unrelated to a New York Assembly campaign and suggests the page has been compromised or contains injected content.",2026-10-05
shethforcongress.com__7ecc31,other_race,own site; names a different district (10) than on file (7),2026-10-05
sites.google.com__b11b4a,earlier_cycle,"""TAKING THE OATH OF OFFICE - NOVEMBER 9TH, 2022"" with no mention of the 2026 race, indicating the site content is tied to the 2022 election.",2026-10-05
solitas777.wixsite.com__e70a25,earlier_cycle,"""I seek to be the Maine District 10 senator for 2014.""",2026-10-05
stephen4staterep.com__884dae,parked_or_empty,"Site extract shows no title, description, disclaimer, years, or body text — indicating a blank or parked page with no owner content.",2026-10-05
stewartformt.com__a429bf,parked_or_empty,"The site extract shows no title, description, disclaimer, years, or body text — the homepage is blank or parked with no owner content.",2026-10-05
svformn.com__5a512a,unclear,"The site extract is completely empty — no title, description, disclaimer, years, or body text — making it impossible to determine whether this is a campaign site, earlier-cycle site, or parked/placeholder page.",2026-10-05
tabkeformn.com__919ca4,earlier_cycle,"""Vote Brad Tabke on November 5th, 2024!"" with elected years listed as ""2018;2022"" and no mention of 2026",2026-10-05
teameleni.com__27b760,earlier_cycle,"""Vote on November 8, 2022!"" and ""I’m running for reelection"" referencing the 2022 race, with no mention of 2026.",2026-10-05
teamnaby.com__bc2725,parked_or_empty,"The site extract shows no body text, no years mentioned, no disclaimer, and no description — indicating a blank or parked page with no owner content.",2026-10-05
teixeiraforcongress.com__884af7,unclear,"The site is titled ""Mark Teixeira for Congress"" with a disclaimer ""Paid for by Mark Teixeira for Congress,"" but the body text references years 2018 and 2021, discusses moving back to Texas in 2021, and mentions past accomplishments (World Series 2009, Roberto Clemente finalist, 2018 Heisman Humanitarian Award) without any explicit reference to the 2026 election or current campaign activities.",2026-10-05
toddformn.com__84433f,parked_or_empty,"Homepage extract shows no title, description, disclaimer, years, or body text — page is blank or parked with no owner content visible.",2026-10-05
tomfabricio.com__d68324,earlier_cycle,"""Tom Fabricio, State Representative for Florida's House of Representatives District 110, is running for re-election in 2022.""",2026-10-05
tomforiowa.com__127f4e,unclear,"The site extract contains no body text, title, description, disclaimer, or dates, making it impossible to determine whether the site belongs to the candidate or what election cycle it addresses.",2026-10-05
uswardvi.com__9d7e60,parked_or_empty,"The homepage contains only a privacy notice (""Do Not Sell or Share My Personal Information"") with no candidate content, campaign information, title, description, or ownership disclaimer.",2026-10-05
valadaoforcongress.com__f96a24,earlier_cycle,"Site is ""Paid for by Valadao for Congress,"" matches candidate name/office/district, but visible news items are dated Nov 2020 and Jan 2022 with no mention of a 2026 race.",2026-10-05
vote4troy.org__fb7d2d,unclear,"The site extract contains no body text, title, description, disclaimer, or year mentions, making it impossible to determine the site's ownership or content.",2026-10-05
voteboyle.com__56675a,earlier_cycle,"The body text references old news items from 2018 and 2021 (e.g., 'By: Justin Sweitzer Sep 15, 2021' and multiple November 2018 articles) with no mention of the 2026 race, though the site is clearly Brendan Boyle's own official campaign site ('Paid for by Citizens for Boyle').",2026-10-05
votecampbell.org__44de69,earlier_cycle,"""Volunteer for 2024 Re-election campaign Chris Campbell is running for State Representative, Indiana House District 26.""",2026-10-05
votedani.com__9e8270,unclear,"The site extract contains no body text, title, description, disclaimer, or years mentioned — the homepage is either blank or the capture failed to retrieve content.",2026-10-05
votegeorgeforcongress.com__b6e371,parked_or_empty,"The site extract shows no title, description, disclaimer, years, or body text — the homepage is blank or parked with no owner content.",2026-10-05
votejoann.com__49df7c,parked_or_empty,"Homepage extract shows no title, description, disclaimer, years, or body text — the site is blank or parked with no owner content.",2026-10-05
votejosh.com__61ce80,parked_or_empty,"The site extract shows no title, description, disclaimer, years, or body text — indicating a blank or parked page with no owner content.",2026-10-05
votepeterherzberg.com__6082b0,earlier_cycle,"""sworn in as State Representative, with my term set to conclude on December 31, 2024"" with no mention of 2026 race",2026-10-05
wayneforsenate.com__e21887,unclear,"The site extract contains no body text, title, description, disclaimer, or date information to establish the site's ownership or election cycle.",2026-10-05
wesforwv.org__d99be9,parked_or_empty,"Site extract shows no title, description, disclaimer, years, or body text — homepage content is absent or blank.",2026-10-05
wethetaxpayers.org__614539,earlier_cycle,"The body text references a ""Campaign Kickoff January 11, 2024"" and a ""Central PA FREEDOM FEST"" event dated October 14, 2024, with no mention of the 2026 race.",2026-10-05
jen4oh2.com__e4f27d,unclear,"The site extract shows only navigation menu items and a form template with no substantive body text, dates, or identifying content beyond the URL domain ""jen4oh2.com"" which matches the candidate name and district.",2026-10-05
jill4iowa.com__0fe944,parked_or_empty,"Site extract shows no title, description, disclaimer, years mentioned, or body text — indicating a blank or parked page with no owner content visible.",2026-10-05
aaronformn.com__2bd95a,unclear,"The site extract shows only ""React Project"" as the description with no body text, disclaimer, or dates — insufficient content to determine whether this is a current 2026 campaign site, an earlier cycle site, or a placeholder.",2026-10-05
alexramel.com__31ae2e,earlier_cycle,"The site's press content is all dated 2022, referencing ""run for reelection"" and press releases from Feb/May 2022, with no mention of the 2026 race despite being captured in Oct 2026.",2026-10-05
arminifor8.com__7c1437,earlier_cycle,"""Thank you! I am humbled by the trust you have placed in me... Thank you to all who made this campaign possible"" with years mentioned 2016;2018, indicating a past campaign win with no mention of the 2026 race",2026-10-05
arthurmingoforme.com__eadd73,earlier_cycle,"""General Election November 5th, 2024"" — the site content is tied to the 2024 race, with no mention of 2026.",2026-10-05
ben4idaho.com__bf5aa4,unclear,"The site extract is completely empty—no title, description, disclaimer, years, or body text—making it impossible to determine ownership, election cycle, or campaign status.",2026-10-05
blancarubio.com__f534c1,earlier_cycle,"""Paid for by Blanca Rubio for Assembly 2024"" — the disclaimer ties the site to the 2024 cycle with no mention of the 2026 race.",2026-10-05
brianevans4ar.com__061439,unclear,"The site claims ""As State Representative, I will already put our shared conservative values first"" (present tense, future intent) and ""PAID FOR BY EVANS FOR STATE REPRESENTATIVE,"" but the extract mentions only 2012 (when his company was founded) with no dates confirming the 2026 race, making current status of this candidacy ambiguous.",2026-10-05
britt4idaho.com__9aa0a5,earlier_cycle,"Blog posts dated November 23, 2023 and February 9, 2024 with no mention of the 2026 race, indicating stale content from an earlier campaign cycle.",2026-10-05
bryantforarkansas.com__c2dfc1,earlier_cycle,"""your conservative Republican candidate for Arkansas Senate District 32 in 2022"" with no mention of 2026",2026-10-05
cct4nyc.com__a10d27,parked_or_empty,"The homepage extract shows no title, description, disclaimer, years mentioned, or body text — the site is blank or parked with no owner content visible.",2026-10-05
chasetramont.com__259db8,earlier_cycle,title: HOME | Campaign 2022; body discusses 2023 legislative session news and 2024 session accomplishments with no mention of 2026 race,2026-10-05
cj4avl.com__32b8e6,earlier_cycle,own site for a 2024 city council race,2026-10-05
claggettforohio.com__ef607f,unclear,"Site extract mentions years 2016, 2017, 2019 and references past candidacy (""politicians in Columbus ignored our local GOP regarding this seat""), but capture date is 5 Oct 2026, and ""Paid for by"" disclaimer names Claggett for Ohio with current address—unclear whether this is an active 2026 campaign or an earlier cycle site being reused.",2026-10-05
clarkforwv.com__b9939f,earlier_cycle,"Site shows press items from March 2022 and September 2023 about the candidate's past work as a Delegate, with no mention of the 2026 race, district 99, or any current campaign content.",2026-10-05
dansenama.com__6052cd,earlier_cycle,"""With Dan's 2024 victory, he looks forward to continuing the fight for positive change in Massachusetts"" — only 2020/2022/2024 races mentioned, no 2026 content.",2026-10-05
dianepapan.com__c75fc1,earlier_cycle,"""Vote YES on Proposition 1 and Diane Papan for State Assembly"" alongside ""The Daily Journal – May 10, 2022"" indicate this content refers to the 2022 election cycle, not 2026.",2026-10-05
donahueforia.com__39a4af,unclear,"The description says ""District 3"" while the candidate on file is district 37, and no 2026 content or disclaimer is present, only a 2024 photo caption, making it ambiguous whether this is the same district/race.",2026-10-05
elainefornm.com__1eca49,unclear,"The site extract shows only 2016 and 2018 as mentioned years, with a biographical narrative and no dated content about any election cycle or office sought, making it impossible to determine whether the site is for the 2026 race or an earlier one.",2026-10-05
electdelena.com__8cadbb,unclear,"The site extract contains no body text, title, description, disclaimer, or dates—too thin to determine whether this is a current 2026 campaign site, an earlier cycle site, or parked content.",2026-10-05
erinbradyforwilliston.com__b6a754,earlier_cycle,"""Erin Brady Announces Re-Election Campaign for House (Chittenden-2) (Friday, May 24, 2024)"" with no mention of the 2026 race, Paid for by Erin Brady for Williston confirms it's her own site but content is tied to the 2024 cycle",2026-10-05
garyfordistrict125.com__d0df38,earlier_cycle,"""Special Election On February 13th... Gary was elected to the Georgia State House to represent District 125 in a Special Election Runoff in March 2024"" with no mention of the 2026 general election.",2026-10-05
ginnyforgeorgia.com__51cc83,parked_or_empty,"The site extract shows no title, description, disclaimer, years, or body text—indicating a blank or parked page with no owner content.",2026-10-05
gregg4illinois.com__2b1d1d,parked_or_empty,"The site extract shows no title, description, disclaimer, year mentions, or body text content—a blank or default page with no owner content identifiable.",2026-10-05
hagemanforwyoming.com__0cd78f,earlier_cycle,"The site describes her 118th Congress House service and her 2021 congressional campaign announcement, with no mention of a 2026 Senate race.",2026-10-05
hawkinsforohio.com__17b074,earlier_cycle,"""the 2024 Ohio Supreme Court elections"" with news dated May 6, 2023 and no mention of 2026 race",2026-10-05
jarviscaldwell.com__82d7b8,unclear,"The site shows ""Paid for by Elect Jarvis Caldwell"" and mentions candidacy for House District 20, but the only date in the body is a May 14, 2024 speech; the capture date is October 5, 2026, yet there is no explicit 2026 campaign content or announcement dates to confirm this is a current 2026 cycle site rather than an earlier one repurposed or not updated.",2026-10-05
jessefor97.com__cd28c0,parked_or_empty,"The site extract shows no title, description, disclaimer, years, or body text—indicating a blank or parked page with no owner content.",2026-10-05
jessicagiannino.com__047939,earlier_cycle,"""thanks to the hard work of my supporters, I will once again appear on the ballot in November of 2024 to represent Saugus and Revere on Beacon Hill"" — the site is framed entirely around the 2024 race with no mention of 2026.",2026-10-05
joshjamesct.com__6cc15a,unclear,'Josh James CT' may be the candidate under another name; not established,2026-10-05
judgeaudrariley.com__d4e584,earlier_cycle,"""Judge Audra Riley, a lifelong Democrat, intends to run for re-election during the 2024 election cycle"" with no mention of 2026 or a run for the Court of Criminal Appeals.",2026-10-05
juliafornm.com__5cc513,unclear,"The site title and disclaimer identify Julia Ruiz for State Representative and include 2018 as a personal milestone (citizenship year), but the extract cuts off mid-sentence and contains no dates, campaign slogans, or explicit references to the 2026 race—making it impossible to determine whether this is a current 2026 campaign site or repurposed earlier content.",2026-10-05
juliefornc.com__bbd56b,earlier_cycle,"""On November 6th 2018, Julie was elected to the North Carolina House of Representatives"" with no mention of 2026 race",2026-10-05
kayleetuck.com__55e962,earlier_cycle,"""My name is Kaylee Tuck, Florida House of Representatives, District 55"" with events dated July 2019 and ""Vote 2020 November 3, 2020"" — this is the same candidate's site but references an earlier election cycle and a different district (55, not 83), with no mention of 2026.",2026-10-05
kimforme.com__7e1487,earlier_cycle,"""General Election November 5th, 2024"" with no mention of 2026 race, on what is clearly Kimberly Haggan's own site.",2026-10-05
kristiebrucelane.com__2aa885,parked_or_empty,"The site extract shows no title, description, disclaimer, years, or body text—indicating a parked, blank, or non-functional page with no owner content.",2026-10-05
ktforhouse.com__60fa15,earlier_cycle,"""Vote early for Kt starting on Friday, September 20, 2024, or on Election Day Tuesday, November 5, 2024!"" references the 2024 election with no mention of 2026.",2026-10-05
lauriejinkins.com__1264e0,earlier_cycle,"Body text references the pandemic, ""our district and state recover,"" and the 2020 legislative session with no mention of the 2026 race, indicating content tied to a prior (2020-era) election cycle.",2026-10-05
leanne4pa.com__abf4c2,earlier_cycle,"body text dated 'October 27, 2022' discussing redistricting, with no mention of the 2026 race, despite disclaimer confirming it's Leanne's own site ('Paid for by Leanne for PA')",2026-10-05
leslymunozoregon.com__198205,parked_or_empty,"Site paused or lapsed. If you're the site owner, please log into your account here. Political campaign websites by RUN! You need to enable JavaScript to run this app.",2026-10-05
lindseylapointe.com__353eee,earlier_cycle,"""Primary Election Date June 28, 2022!"" with no mention of the 2026 race, matching Rep. Lindsey LaPointe's own disclaimer ""Paid for by Friends of LaPointe""",2026-10-05
lizbennett.com__5c1589,earlier_cycle,"""Liz was elected to the Iowa Senate in 2022... In her first race for State Senate, Liz was endorsed by..."" with no mention of the 2026 race, indicating the site is about her 2022 campaign.",2026-10-05
mauricewest.com__d268a0,other_race,"own site, but for a mayoral campaign",2026-10-05
mcdermott4congress4alaska.com__b587c5,earlier_cycle,"""James McDermott's 2014 Run for the US House of Representatives... I announce my run for the US House of Representatives in the upcoming General election 2014"" with no mention of 2026.",2026-10-05
mikezimmerforiowa.com__6f4fa5,earlier_cycle,"""Mike Zimmer is a candidate in the Iowa special election for State Senate District 35. The election takes place on January 21, 2025.""",2026-10-05
osterforus.com__7e1b9d,earlier_cycle,"""ELECTION DAY JUNE 23 VOTE EARLY June 13–21"" with years mentioned 2021;2023 indicate a past primary/election cycle, with no mention of 2026.",2026-10-05
patrickjudeforme.com__8fdeeb,earlier_cycle,"""General Election November 5th, 2024"" with no mention of the 2026 race, indicating the site content is tied to the 2024 election cycle.",2026-10-05
pattersonformo.com__b94179,earlier_cycle,own site as sitting state representative; no sign of the 2026 Senate race,2026-10-05
paultuss.com__10f87d,earlier_cycle,"Latest news item dated 11/24/2023, no mention of 2026 race, matches name/office/district but content stale since 2022-2023",2026-10-05
pavelpayano.com__038596,earlier_cycle,"Site content mentions ""accelerate COVID recovery"" and references years 2012, 2014, 2017 with a 2022 copyright disclaimer, with no mention of the 2026 race; this is clearly Pavel Payano's campaign site but for an earlier election cycle.",2026-10-05
peggymayfield.com__fe758a,earlier_cycle,"Body text references 2013/2014 news items (Defender of Liberty 2013, Legislative Excellence for 2014 voting record) with no mention of the 2026 race, despite being clearly Peggy Mayfield's own campaign site ('Paid for by The Mayfield Campaign').",2026-10-05
peterwoodforme.com__76bcf0,earlier_cycle,"""General Election November 5th, 2024 ... I'd be honored to earn your vote this November.""",2026-10-05
rachelplakon.com__b6f07c,unclear,"The extract cuts off mid-sentence (""Florida Commission on the"") and contains only historical dates (2016, 2019, 2020) with no reference to 2026 campaign activity, making it impossible to determine whether this is current or earlier-cycle content.",2026-10-05
randallpettigrew.com__95b4cd,unclear,"The site is titled ""Representative Randall Pettigrew"" and has a ""Paid for by Committee to Elect Randall Pettigrew"" disclaimer, suggesting a current campaign; however, years mentioned (2011, 2013, 2016, 2020) are all pre-2026 with no dates referencing the 2026 election, and the body text focuses on biographical and professional background rather than campaign messaging for 2026.",2026-10-05
randynformontana.com__ba35e7,unclear,"The site extract contains only navigation structure and generic calls-to-action with no dates, office details, district information, accomplishments, or policy content to confirm whether this is Randyn Gregg's campaign site or establish the election cycle.",2026-10-05
rickstewart.com__0fa391,earlier_cycle,"title: Rick Stewart - The First Choice for Iowa Governor; content references a 2022 governor campaign, not US House 2026",2026-10-05
ritaforflorida.com__89e0b1,unclear,"site for Rita Harris, same seat; may be the same person; not established",2026-10-05
rodneyforindiana.com__847361,unclear,"The site extract contains only the final URL and structural fields (title, description, disclaimer, years mentioned, body text) which are all empty or missing, providing insufficient information to determine site ownership or election cycle.",2026-10-05
rosemarylesser.com__822642,earlier_cycle,"""the former Representative for House District 10 from 2021 to 2024"" with disclaimer ""Paid for by Rosemary Lesser for HD-10"" and no mention of a 2026 campaign",2026-10-05
schlegel4statehouse.com__4122b2,earlier_cycle,"Content only references 2022 redistricting news and a January 2024 re-election announcement, with no mention of the 2026 race despite the October 2026 capture date.",2026-10-05
scottcepicky.com__af5f0e,earlier_cycle,"""Rep Cepicky Receives Award for Conservative Excellence!"" and news items dated Jan 2020/Mar 2020 with no mention of 2026 race",2026-10-05
stephanieforwa.com__e05e79,earlier_cycle,"""Vote Barnard 2024 Stephanie for State House District 8 (Pos. #1)"" with no mention of 2026",2026-10-05
sueleeloy.com__a1a6d6,earlier_cycle,"""Sue Lee Loy is running for State House District 2 in the upcoming 2024 election"" with years mentioned only through 2022 and no reference to the 2026 race.",2026-10-05
suhas48.com__e38c6c,parked_or_empty,"The site extract shows no title, description, disclaimer, years, or body text—indicating a blank or parked page with no owner content.",2026-10-05
sylviaforcongress.com__e4c96d,earlier_cycle,"""General Election Day Tuesday, November 3"" with dates referencing impeachment Jan 15, 2020 and election Nov 2018 indicate this content is from the 2020 cycle, with no mention of 2026 race despite the Oct 2026 capture date.",2026-10-05
taylorwestformaine.com__099701,unclear,"Homepage text references 2019 and Air Force service but contains no dates indicating this is a 2026 campaign site, and the extract cuts off mid-sentence.",2026-10-05
teamstavamurray.com__6ca346,earlier_cycle,"title: Re-Elect State Rep Anne Stava; disclaimer: Paid for by Team Stava; years mentioned 2020;2022;2024 with no 2026 reference, donate/volunteer content tied to past endorsement cycles",2026-10-05
terryleforillinois.com__f8a2e0,parked_or_empty,"The domain is parked using the Epik parking platform with no campaign content: ""The domain name is parked using the Epik parking platform.""",2026-10-05
thehonestfight.com__753a84,unclear,"The site contains a candidate statement about representative democracy and campaign finance (matching a 2026 candidate profile), but the only date mentioned is 2014 (a historical study reference), with no explicit mention of the 2026 election, the candidate's name, or Colorado State House District 53.",2026-10-05
timg4assembly.com__8831f4,parked_or_empty,"The site extract shows no body text, no disclaimer, no years, and only a default description with the title ""HOME PAGE"" — indicating a parked or placeholder page with no owner-supplied content.",2026-10-05
ukemeforus.com__0e31d2,unclear,"The site extract contains no body text, title, description, disclaimer, or year mentions — insufficient content to determine ownership or election cycle.",2026-10-05
votebobbrinson.com__307c3b,earlier_cycle,"News items dated August/July 2024 about Brinson's appointment to the state senate seat, with no mention of the 2026 race; ""Upcoming Events"" are all ""DATE TBA"".",2026-10-05
votedannywilliams.com__84a5c6,earlier_cycle,"""Vote in Oklahoma 2024 ... scheduled to appear on the Republican primary ballot on June 18, 2024 ... maintain strong momentum into 2024"" with disclaimer ""Paid for by Friends of Danny Williams 2026"" but no actual 2026 race content, term said to conclude November 20, 2024.",2026-10-05
voteheatherg.com__bda8c6,earlier_cycle,"title: ""Heather Goulding for Nevada Assembly District 27 2024"" with body text describing her as ""first elected to the Nevada Assembly in 2024,"" with no mention of a 2026 race.",2026-10-05
votenatha.com__4d2c20,unclear,"The site extract is completely empty with no title, description, disclaimer, years, or body text to evaluate ownership or election cycle.",2026-10-05
votenima.com__17c631,parked_or_empty,"The site extract shows no title, description, disclaimer, years, or body text — indicating a blank or parked page with no owner content.",2026-10-05
voteslager.com__ba6a18,earlier_cycle,"Disclaimer reads ""Paid for by the Committee to Elect Hal Slager ©2019"" with years mentioned limited to 2017;2018, indicating an old campaign site with no reference to the 2026 race.",2026-10-05
workingclassfight.com__d04e09,unclear,"The site mentions Andrea Kirby as ""Working Class Party candidate in 2024"" and references her speaking at a 2026 convention, but does not explicitly identify this as her official 2026 campaign site or provide clarity on whether she is the candidate for the 2026 race in Michigan's district 10.",2026-10-05
workingclassfight.com__75c69e,earlier_cycle,"URL path 'michigan-2020' and body text referencing campaigns in 2014, 2016, and 2018 with no mention of 2026.",2026-10-05
wylie4wyofromwyo.com__ac18af,earlier_cycle,"""Join us, get out and vote 2024!"" with no mention of the 2026 race, indicating this site is about Wylie's earlier campaign.",2026-10-05
yisakfortexas.com__bdbc4d,parked_or_empty,"The site extract shows no title, description, disclaimer, years mentioned, or body text—indicating a blank or parked page with no owner content.",2026-10-05
yusufhakeem.net__57e683,unclear,"The extract cuts off mid-sentence after mentioning appointment in 2006 and ""After 7 years there, Hakeem was"" with no completion, and the only year mentioned in body text is 2017, but the page provides no dates, slogans, or content indicating whether it addresses the 2026 State House race or an earlier election.",2026-10-05
zackforalaska.blogspot.com__cdf491,earlier_cycle,"""Voting is underway for the August 20th, 2024 primary"" with disclaimer ""Paid for by Zack Fields for State House"" shows this is the candidate's own site but content only addresses the 2024 race.",2026-10-05
